era,n,mean_len,median_len
Pre-Convergence (2000–2012),9326,288.6097981985846,252.60649999999998
Platform Emergence (2013–2016),2588,291.27169088098924,251
Dual Algorithmization (2017+),3057,234.2485649329408,205.25
